{
    "format": "layers-model",
    "generatedBy": "keras v2.9.0",
    "convertedBy": "TensorFlow.js Converter v3.20.0",
    "modelTopology": {
        "keras_version": "2.9.0",
        "backend": "tensorflow",
        "model_config": {
            "class_name": "Sequential",
            "config": {
                "name": "sequential",
                "layers": [
                    {
                        "class_name": "InputLayer",
                        "config": {
                            "batch_input_shape": [
                                null,
                                8
                            ],
                            "dtype": "float32",
                            "sparse": false,
                            "ragged": false,
                            "name": "dense_input"
                        }
                    },
                    {
                        "class_name": "Dense",
                        "config": {
                            "name": "dense",
                            "trainable": true,
                            "batch_input_shape": [
                                null,
                                8
                            ],
                            "dtype": "float32",
                            "units": 8,
                            "activation": "linear",
                            "use_bias": true,
                            "kernel_initializer": {
                                "class_name": "GlorotUniform",
                                "config": {
                                    "seed": null
                                }
                            },
                            "bias_initializer": {
                                "class_name": "Zeros",
                                "config": {}
                            },
                            "kernel_regularizer": null,
                            "bias_regularizer": null,
                            "activity_regularizer": null,
                            "kernel_constraint": null,
                            "bias_constraint": null
                        }
                    },
                    {
                        "class_name": "Dense",
                        "config": {
                            "name": "dense_1",
                            "trainable": true,
                            "dtype": "float32",
                            "units": 8,
                            "activation": "linear",
                            "use_bias": true,
                            "kernel_initializer": {
                                "class_name": "GlorotUniform",
                                "config": {
                                    "seed": null
                                }
                            },
                            "bias_initializer": {
                                "class_name": "Zeros",
                                "config": {}
                            },
                            "kernel_regularizer": null,
                            "bias_regularizer": null,
                            "activity_regularizer": null,
                            "kernel_constraint": null,
                            "bias_constraint": null
                        }
                    },
                    {
                        "class_name": "Dense",
                        "config": {
                            "name": "dense_2",
                            "trainable": true,
                            "dtype": "float32",
                            "units": 1,
                            "activation": "linear",
                            "use_bias": true,
                            "kernel_initializer": {
                                "class_name": "GlorotUniform",
                                "config": {
                                    "seed": null
                                }
                            },
                            "bias_initializer": {
                                "class_name": "Zeros",
                                "config": {}
                            },
                            "kernel_regularizer": null,
                            "bias_regularizer": null,
                            "activity_regularizer": null,
                            "kernel_constraint": null,
                            "bias_constraint": null
                        }
                    }
                ]
            }
        },
        "training_config": {
            "loss": "mean_squared_error",
            "metrics": null,
            "weighted_metrics": null,
            "loss_weights": null,
            "optimizer_config": {
                "class_name": "Adam",
                "config": {
                    "name": "Adam",
                    "learning_rate": 0.10000000149011612,
                    "decay": 0.0,
                    "beta_1": 0.8999999761581421,
                    "beta_2": 0.9990000128746033,
                    "epsilon": 1e-07,
                    "amsgrad": false
                }
            }
        }
    },
    "weightsManifest": [
        {
            "paths": [
                "group2-shard2of2.bin"
            ],
            "weights": [
                {
                    "name": "dense/kernel",
                    "shape": [
                        8,
                        8
                    ],
                    "dtype": "float32"
                },
                {
                    "name": "dense/bias",
                    "shape": [
                        8
                    ],
                    "dtype": "float32"
                },
                {
                    "name": "dense_1/kernel",
                    "shape": [
                        8,
                        8
                    ],
                    "dtype": "float32"
                },
                {
                    "name": "dense_1/bias",
                    "shape": [
                        8
                    ],
                    "dtype": "float32"
                },
                {
                    "name": "dense_2/kernel",
                    "shape": [
                        8,
                        1
                    ],
                    "dtype": "float32"
                },
                {
                    "name": "dense_2/bias",
                    "shape": [
                        1
                    ],
                    "dtype": "float32"
                }
            ]
        }
    ]
}